{
  "publicPath": "/public/",
  "all": [
    "5.c3369565ecd0b27d8593.js",
    "0.5c8aecddedf8253d678f.js",
    "2.8486fc0d79e959eba71c.js",
    "3.cfe74b9f98ba293a1fbc.js",
    "4.99522eb2bce97b4b294d.js",
    "1.119ce789cf72ef5bc97e.js",
    "6.a8ffdeb072aad6c5d83d.js",
    "vendor.f478049240eef6d82d39.js",
    "app.f4327f4fbb97b87ee50a.js",
    "manifest.630801bf6228352bfb01.js",
    "common.f4327f4fbb97b87ee50a.css"
  ],
  "initial": [
    "manifest.630801bf6228352bfb01.js",
    "vendor.f478049240eef6d82d39.js",
    "app.f4327f4fbb97b87ee50a.js"
  ],
  "async": [
    "5.c3369565ecd0b27d8593.js",
    "0.5c8aecddedf8253d678f.js",
    "2.8486fc0d79e959eba71c.js",
    "3.cfe74b9f98ba293a1fbc.js",
    "4.99522eb2bce97b4b294d.js",
    "1.119ce789cf72ef5bc97e.js",
    "6.a8ffdeb072aad6c5d83d.js"
  ],
  "modules": {
    "22310594": [
      7
    ],
    "23424865": [
      7
    ],
    "6b2141db": [
      7
    ],
    "7b6ab431": [
      7
    ],
    "44307c16": [
      7
    ],
    "09f6dadb": [
      7
    ],
    "4936e51c": [
      7
    ],
    "70072df6": [
      7
    ],
    "a6826f96": [
      7
    ],
    "074f4368": [
      7
    ],
    "a49703aa": [
      7
    ],
    "4932caa0": [
      7
    ],
    "49816ed3": [
      7
    ],
    "50fba580": [
      7
    ],
    "2ffb8398": [
      7
    ],
    "01b4f800": [
      7
    ],
    "610b3df0": [
      7
    ],
    "2f14f39e": [
      7
    ],
    "165902ed": [
      7
    ],
    "7d785e80": [
      7
    ],
    "4bf6dab5": [
      7
    ],
    "a140c846": [
      7
    ],
    "3eb5f8c8": [
      7
    ],
    "ebc11e44": [
      7
    ],
    "14b99d2b": [
      7
    ],
    "74d00f01": [
      7
    ],
    "22a8432e": [
      7
    ],
    "0451696c": [
      7
    ],
    "02f7ea3f": [
      7
    ],
    "2f7ed858": [
      7
    ],
    "10dede71": [
      7
    ],
    "06063c2f": [
      7
    ],
    "495eaa4f": [
      7
    ],
    "f86472bc": [
      7
    ],
    "310ad3a9": [
      7
    ],
    "6794900a": [
      7
    ],
    "1a02d428": [
      8,
      10
    ],
    "1951b650": [
      8,
      10
    ],
    "7d0e9532": [
      7
    ],
    "43ef39d7": [
      8,
      10
    ],
    "61f69fbd": [
      8,
      10
    ],
    "3318e768": [
      8,
      10
    ],
    "7ed2c887": [
      8,
      10
    ],
    "9b808a0e": [
      8,
      10
    ],
    "75ad404b": [
      8,
      10
    ],
    "d7a74ba0": [
      8,
      10
    ],
    "3b334b0e": [
      8,
      10
    ],
    "79c725f6": [
      8,
      10
    ],
    "17d09c26": [
      7
    ],
    "5a4d63a6": [
      7
    ],
    "79a4f36f": [
      7
    ],
    "383fe42a": [
      7
    ],
    "39384d05": [
      7
    ],
    "f10b80d6": [
      7
    ],
    "63ce3379": [
      7
    ],
    "7f910446": [
      7
    ],
    "068b7188": [
      7
    ],
    "02fbda1c": [
      7
    ],
    "6ecd3dab": [
      7
    ],
    "1107b172": [
      7
    ],
    "6dc9b069": [
      7
    ],
    "49f2153c": [
      7
    ],
    "65eb1c19": [
      7
    ],
    "1395dd31": [
      7
    ],
    "9acd71e0": [
      7
    ],
    "34ad108a": [
      7
    ],
    "2a739fc8": [
      7
    ],
    "678aae8c": [
      7
    ],
    "03252940": [
      7
    ],
    "d3072e9c": [
      7
    ],
    "3a13f1f4": [
      7
    ],
    "48b746e9": [
      7
    ],
    "d809ea5e": [
      7
    ],
    "5031664b": [
      7
    ],
    "0abbbf18": [
      7
    ],
    "19472e82": [
      7
    ],
    "29a149be": [
      7
    ],
    "62cd3fd2": [
      7
    ],
    "b9b20114": [
      7
    ],
    "33e4813e": [
      7
    ],
    "1cc56b9e": [
      7
    ],
    "3e593b0e": [
      7
    ],
    "49352c43": [
      7
    ],
    "1e484529": [
      7
    ],
    "aac2d760": [
      8,
      10
    ],
    "463b68d4": [
      8,
      10
    ],
    "349b260a": [
      8,
      10
    ],
    "9c04c0e4": [
      8,
      10
    ],
    "d6c200e4": [
      8,
      10
    ],
    "720eb356": [
      8,
      10
    ],
    "0aed7f0a": [
      8,
      10
    ],
    "7d95db1c": [
      8,
      10
    ],
    "1f932cd0": [
      8,
      10
    ],
    "6efdb1ac": [
      8,
      10
    ],
    "6642b4fc": [
      8,
      10
    ],
    "428fb6a4": [
      7
    ],
    "205328be": [
      7
    ],
    "4660dbae": [
      7
    ],
    "2d40b188": [
      7
    ],
    "e88f46c0": [
      7
    ],
    "fa5f4964": [
      7
    ],
    "476e6352": [
      8,
      10
    ],
    "5cc83a48": [
      7
    ],
    "80ae3baa": [
      6
    ],
    "b10fc730": [
      1
    ],
    "092a8c0c": [
      2
    ],
    "62e9475e": [
      5
    ],
    "668fdc06": [
      0
    ],
    "68b23d73": [
      4
    ],
    "f1a1fa9a": [
      3
    ],
    "d3744df8": [
      7
    ],
    "63cf629d": [
      1
    ],
    "907bffa2": [
      2
    ],
    "c5c64688": [
      5
    ],
    "53b8c5b0": [
      1
    ],
    "2f8da5a2": [
      1
    ],
    "403cd50c": [
      6
    ],
    "6a845281": [
      4
    ],
    "59fcf3d5": [
      2
    ],
    "f31d0052": [
      1
    ],
    "e5dc2c4e": [
      5
    ],
    "28db05b0": [
      0
    ],
    "303f31e9": [
      3
    ]
  }
}